,precision,recall,f1-score,support
defensa,0.8974358974358975,0.9722222222222222,0.9333333333333333,108.0
exteriores,1.0,0.8421052631578947,0.9142857142857143,19.0
interior,0.8636363636363636,0.6785714285714286,0.76,28.0
accuracy,0.9032258064516129,0.9032258064516129,0.9032258064516129,0.9032258064516129
macro avg,0.9203574203574204,0.8309663046505152,0.8692063492063493,155.0
weighted avg,0.9039025490638393,0.9032258064516129,0.8996866359447003,155.0
